"","myAUC","avg_diff","power","avg_logFC","pct.1","pct.2","cluster","gene","maxcell"
"GZMK",0.822,1.06941254083759,0.644,1.06941254083759,0.94,0.84,"0","GZMK","0"
"TGFB1",0.784,0.775525501669025,0.568,0.775525501669024,0.978,0.899,"0","TGFB1","0"
"CD8A",0.771,0.933729096528882,0.542,0.933729096528882,0.895,0.787,"0","CD8A","0"
"TUBA4A",0.748,0.647425469900015,0.496,0.647425469900008,0.969,0.893,"0","TUBA4A","0"
"DUSP2",0.748,0.587217140780067,0.496,0.587217140780071,0.966,0.89,"0","DUSP2","0"
"ZEB2",0.737,0.678886803988217,0.474,0.678886803988214,0.916,0.822,"0","ZEB2","0"
"GAPDH",0.723,0.475828150068402,0.446,0.475828150068401,0.997,0.971,"0","GAPDH","0"
"LDHA",0.717,0.559997074789389,0.434,0.559997074789384,0.97,0.918,"0","LDHA","0"
"AKNA",0.715,0.600950084766177,0.43,0.600950084766175,0.886,0.753,"0","AKNA","0"
"HLA-A",0.715,0.294273596837916,0.43,0.294273596837919,1,0.993,"0","HLA-A","0"
"VIM",0.705,0.509145810622246,0.41,0.509145810622247,0.998,0.984,"0","VIM","0"
"CXCR4",0.702,0.45357968772307,0.404,0.453579687723074,0.987,0.949,"0","CXCR4","0"
"CXCR3",0.701,0.590421551339659,0.402,0.590421551339655,0.854,0.799,"0","CXCR3","0"
"FTH1",0.706,0.704654560287139,0.412,0.704654560287146,0.999,0.985,"1","FTH1","1"
"CCL20",0.827,2.7598392644362,0.654,2.7598392644362,0.882,0.773,"2","CCL20","2"
"IL7R",0.747,0.693541432249729,0.494,0.693541432249726,0.958,0.893,"2","IL7R","2"
"CD40LG",0.742,0.994086867048543,0.484,0.994086867048543,0.793,0.669,"2","CD40LG","2"
"IL2",0.736,1.48270684848794,0.472,1.48270684848794,0.784,0.757,"2","IL2","2"
"TNFAIP8",0.712,0.72498471929652,0.424,0.724984719296522,0.924,0.88,"2","TNFAIP8","2"
"RORA",0.701,0.735279087136545,0.402,0.735279087136547,0.757,0.457,"2","RORA","2"
"CCL51",0.723,0.53831493490364,0.446,0.538314934903643,0.989,0.946,"3","CCL5","3"
"TNFSF9",0.771,1.3425724695137,0.542,1.3425724695137,0.846,0.739,"4","TNFSF9","4"
"HSPA6",0.763,1.15446618561033,0.526,1.15446618561033,0.914,0.804,"4","HSPA6","4"
"UBE2S",0.754,0.874370530527517,0.508,0.874370530527515,0.933,0.837,"4","UBE2S","4"
"UBB",0.745,0.652155181278721,0.49,0.652155181278725,0.991,0.953,"4","UBB","4"
"ZFAND2A",0.731,1.01544051916996,0.462,1.01544051916997,0.867,0.753,"4","ZFAND2A","4"
"NEU1",0.717,0.812239783242561,0.434,0.812239783242559,0.915,0.869,"4","NEU1","4"
"CCL4L2",0.712,1.38009419693855,0.424,1.38009419693855,0.814,0.762,"4","CCL4L2","4"
"MALAT1",0.766,0.616683207887961,0.532,0.616683207887966,1,1,"5","MALAT1","5"
"ZC2HC1A",0.891,1.05303018324905,0.782,1.05303018324905,0.9,0.645,"6","ZC2HC1A","6"
"IL2RA",0.876,1.63211317227224,0.752,1.63211317227224,0.912,0.679,"6","IL2RA","6"
"BATF",0.874,1.5558606195493,0.748,1.5558606195493,0.955,0.767,"6","BATF","6"
"C15orf53",0.872,0.510940625071934,0.744,0.510940625071934,0.863,0.513,"6","C15orf53","6"
"CTLA4",0.855,1.41928727784779,0.71,1.41928727784779,0.902,0.619,"6","CTLA4","6"
"INPP5F",0.821,0.56939823611668,0.642,0.569398236116681,0.837,0.568,"6","INPP5F","6"
"EPSTI1",0.819,0.969961798155597,0.638,0.969961798155597,0.926,0.705,"6","EPSTI1","6"
"CARD16",0.817,1.25337524127949,0.634,1.25337524127949,0.897,0.68,"6","CARD16","6"
"UTS2",0.816,0.366323619283225,0.632,0.366323619283224,0.879,0.649,"6","UTS2","6"
"TIGIT",0.811,1.17215501597264,0.622,1.17215501597264,0.915,0.728,"6","TIGIT","6"
"CCDC141",0.808,0.395143596060031,0.616,0.395143596060031,0.819,0.5,"6","CCDC141","6"
"TNFRSF41",0.807,1.40463185744712,0.614,1.40463185744712,0.935,0.822,"6","TNFRSF4","6"
"GRAMD4",0.807,0.255927936320361,0.614,0.255927936320362,0.84,0.494,"6","GRAMD4","6"
"ENTPD1",0.802,0.617378399180803,0.604,0.617378399180803,0.835,0.621,"6","ENTPD1","6"
"ATP13A3",0.798,0.666999209913555,0.596,0.666999209913554,0.906,0.688,"6","ATP13A3","6"
"FOXP3",0.797,1.22824858325052,0.594,1.22824858325052,0.791,0.604,"6","FOXP3","6"
"IL6R",0.797,0.345597352628684,0.594,0.345597352628685,0.885,0.693,"6","IL6R","6"
"IL1R2",0.795,0.697762058165895,0.59,0.697762058165896,0.755,0.354,"6","IL1R2","6"
"NSF",0.793,0.341728211799119,0.586,0.341728211799118,0.843,0.562,"6","NSF","6"
"IRS2",0.791,0.741164451886896,0.582,0.741164451886897,0.875,0.609,"6","IRS2","6"
"PEX3",0.79,0.409637579293089,0.58,0.409637579293088,0.823,0.569,"6","PEX3","6"
"KLHL2",0.788,0.325452384331369,0.576,0.325452384331369,0.838,0.609,"6","KLHL2","6"
"DAPP1",0.786,0.565866343490738,0.572,0.565866343490739,0.839,0.646,"6","DAPP1","6"
"MAP3K1",0.786,0.471927617229623,0.572,0.471927617229625,0.871,0.599,"6","MAP3K1","6"
"SETDB2",0.784,0.409242349615368,0.568,0.409242349615369,0.819,0.476,"6","SETDB2","6"
"PHACTR2",0.78,1.00145987513902,0.56,1.00145987513902,0.903,0.745,"6","PHACTR2","6"
"GBP2",0.78,0.925665779470853,0.56,0.925665779470854,0.94,0.768,"6","GBP2","6"
"GCNT1",0.779,0.672872016527311,0.558,0.672872016527311,0.822,0.6,"6","GCNT1","6"
"CTTNBP2NL",0.777,0.351661743251096,0.554,0.351661743251097,0.76,0.455,"6","CTTNBP2NL","6"
"CNIH1",0.775,0.866111500261657,0.55,0.866111500261658,0.918,0.732,"6","CNIH1","6"
"CCR6",0.775,0.761263139064976,0.55,0.761263139064976,0.868,0.688,"6","CCR6","6"
"DNPH1",0.775,0.666987206988846,0.55,0.666987206988846,0.838,0.58,"6","DNPH1","6"
"TP53INP1",0.773,0.436544696769175,0.546,0.436544696769174,0.84,0.57,"6","TP53INP1","6"
"CD27",0.772,0.851317683874587,0.544,0.851317683874589,0.873,0.621,"6","CD27","6"
"GRSF1",0.772,0.537105983679779,0.544,0.53710598367978,0.866,0.573,"6","GRSF1","6"
"UBE2J1",0.77,0.342375458711008,0.54,0.342375458711007,0.914,0.673,"6","UBE2J1","6"
"TRIM69",0.766,0.415461478080347,0.532,0.415461478080347,0.857,0.619,"6","TRIM69","6"
"TMEM65",0.765,0.255811918663113,0.53,0.255811918663114,0.844,0.631,"6","TMEM65","6"
"CXCR6",0.764,0.823826788085322,0.528,0.823826788085323,0.899,0.675,"6","CXCR6","6"
"SESN31",0.762,0.702091760855504,0.524,0.702091760855505,0.876,0.65,"6","SESN3","6"
"BARD1",0.762,0.279364905311932,0.524,0.279364905311933,0.813,0.541,"6","BARD1","6"
"DUSP4",0.76,1.06683022174417,0.52,1.06683022174417,0.931,0.761,"6","DUSP4","6"
"STAM",0.759,0.842421300266774,0.518,0.842421300266775,0.864,0.721,"6","STAM","6"
"F5",0.759,0.550357488629365,0.518,0.550357488629365,0.748,0.467,"6","F5","6"
"CUL9",0.758,0.460968511994959,0.516,0.460968511994958,0.755,0.492,"6","CUL9","6"
"S100A41",0.757,0.79190996497812,0.514,0.791909964978112,0.969,0.856,"6","S100A4","6"
"MED8",0.756,0.255957394045189,0.512,0.255957394045189,0.875,0.602,"6","MED8","6"
"CCDC50",0.755,0.525697137419933,0.51,0.525697137419933,0.84,0.611,"6","CCDC50","6"
"CCR8",0.755,0.384077316162699,0.51,0.384077316162699,0.727,0.464,"6","CCR8","6"
"JAK3",0.755,0.367013375898491,0.51,0.367013375898492,0.892,0.604,"6","JAK3","6"
"ACOT9",0.754,0.725446477069102,0.508,0.725446477069103,0.784,0.554,"6","ACOT9","6"
"ATG3",0.754,0.438339776852972,0.508,0.438339776852971,0.881,0.637,"6","ATG3","6"
"CEP120",0.754,0.329179083084898,0.508,0.329179083084899,0.804,0.599,"6","CEP120","6"
"TYMP",0.753,0.913013279890118,0.506,0.913013279890116,0.895,0.726,"6","TYMP","6"
"SPOCK2",0.752,0.73422384508332,0.504,0.734223845083324,0.965,0.859,"6","SPOCK2","6"
"CCNG2",0.752,0.493290142402014,0.504,0.493290142402015,0.787,0.51,"6","CCNG2","6"
"C17orf67",0.751,0.341535072557851,0.502,0.34153507255785,0.874,0.66,"6","C17orf67","6"
"NUSAP1",0.75,0.320303457112117,0.5,0.320303457112116,0.853,0.692,"6","NUSAP1","6"
"UGP2",0.749,0.844007962994728,0.498,0.844007962994728,0.883,0.666,"6","UGP2","6"
"THADA",0.749,0.751497959236395,0.498,0.751497959236396,0.783,0.582,"6","THADA","6"
"MIR4435-2HG",0.748,0.938796399201631,0.496,0.938796399201634,0.884,0.78,"6","MIR4435-2HG","6"
"HTATIP2",0.748,0.850142423713033,0.496,0.850142423713032,0.815,0.669,"6","HTATIP2","6"
"UBE2K",0.746,0.680964609001325,0.492,0.680964609001323,0.922,0.69,"6","UBE2K","6"
"MINDY2",0.746,0.291392376558083,0.492,0.291392376558082,0.841,0.575,"6","MINDY2","6"
"TBC1D4",0.745,0.993576635589285,0.49,0.993576635589285,0.8,0.64,"6","TBC1D4","6"
"GK1",0.745,0.944746451588952,0.49,0.944746451588951,0.791,0.652,"6","GK","6"
"LINC02099",0.745,0.455413466920584,0.49,0.455413466920584,0.705,0.457,"6","LINC02099","6"
"ARHGEF12",0.745,0.34343515142021,0.49,0.34343515142021,0.82,0.608,"6","ARHGEF12","6"
"SETD7",0.745,0.31303591080394,0.49,0.31303591080394,0.774,0.593,"6","SETD7","6"
"MFHAS11",0.743,0.428266805924067,0.486,0.428266805924064,0.921,0.76,"6","MFHAS1","6"
"TNFRSF9",0.742,0.949860447853049,0.484,0.949860447853047,0.869,0.759,"6","TNFRSF9","6"
"EHMT1",0.74,0.33505517286784,0.48,0.335055172867839,0.781,0.446,"6","EHMT1","6"
"LGALS9",0.74,0.250403064182298,0.48,0.250403064182298,0.772,0.507,"6","LGALS9","6"
"CLIP1",0.737,0.585288639982364,0.474,0.585288639982364,0.882,0.681,"6","CLIP1","6"
"PKIA",0.736,0.475334036061388,0.472,0.475334036061388,0.809,0.639,"6","PKIA","6"
"ZNRF1",0.736,0.443722391403281,0.472,0.443722391403281,0.798,0.512,"6","ZNRF1","6"
"CACYBP1",0.735,0.746072898514498,0.47,0.746072898514501,0.995,0.95,"6","CACYBP","6"
"SNAP23",0.732,0.479555599252988,0.464,0.47955559925299,0.946,0.814,"6","SNAP23","6"
"NPTN",0.732,0.310762364237648,0.464,0.310762364237647,0.81,0.601,"6","NPTN","6"
"TRBC1",0.731,1.10867163397362,0.462,1.10867163397362,0.903,0.663,"6","TRBC1","6"
"RHBDD2",0.731,0.726013301012855,0.462,0.726013301012853,0.904,0.758,"6","RHBDD2","6"
"RNF145",0.73,0.656318144401936,0.46,0.656318144401935,0.902,0.761,"6","RNF145","6"
"YIPF6",0.73,0.495881944063091,0.46,0.495881944063091,0.839,0.692,"6","YIPF6","6"
"NETO2",0.728,0.474153543549681,0.456,0.474153543549682,0.778,0.647,"6","NETO2","6"
"BEX3",0.726,0.324792154174947,0.452,0.324792154174947,0.75,0.471,"6","BEX3","6"
"SNX9",0.725,0.615637835764373,0.45,0.615637835764372,0.856,0.688,"6","SNX9","6"
"RANBP9",0.725,0.352946777131363,0.45,0.352946777131362,0.827,0.583,"6","RANBP9","6"
"CDR2",0.724,0.36361777156323,0.448,0.363617771563235,0.88,0.664,"6","CDR2","6"
"EGLN1",0.724,0.330387629135348,0.448,0.330387629135347,0.772,0.522,"6","EGLN1","6"
"DGKE",0.724,0.322023529401134,0.448,0.322023529401132,0.849,0.613,"6","DGKE","6"
"MFF",0.721,0.252614600549937,0.442,0.252614600549937,0.789,0.504,"6","MFF","6"
"SELL",0.72,0.700647124269424,0.44,0.700647124269422,0.776,0.582,"6","SELL","6"
"PTPN1",0.72,0.60503812393528,0.44,0.605038123935278,0.95,0.814,"6","PTPN1","6"
"DYNC1I2",0.72,0.523205074545615,0.44,0.523205074545617,0.837,0.601,"6","DYNC1I2","6"
"NAMPT",0.719,0.679506665985508,0.438,0.679506665985513,0.906,0.796,"6","NAMPT","6"
"ZBTB38",0.719,0.638595489140704,0.438,0.638595489140706,0.894,0.746,"6","ZBTB38","6"
"FANK1",0.719,0.590125322321564,0.438,0.590125322321564,0.688,0.406,"6","FANK1","6"
"ZBTB32",0.719,0.476446543974762,0.438,0.476446543974762,0.762,0.66,"6","ZBTB32","6"
"CHST11",0.719,0.28215062230762,0.438,0.282150622307621,0.862,0.607,"6","CHST11","6"
"PHLDA2",0.718,0.320161974794405,0.436,0.320161974794404,0.819,0.611,"6","PHLDA2","6"
"SGMS1",0.716,0.387025572531147,0.432,0.387025572531148,0.792,0.579,"6","SGMS1","6"
"AC026979.2",0.715,0.277098630626445,0.43,0.277098630626446,0.822,0.53,"6","AC026979.2","6"
"YWHAB",0.714,0.590868511333148,0.428,0.590868511333148,0.973,0.911,"6","YWHAB","6"
"IGFLR1",0.714,0.318870327968648,0.428,0.318870327968648,0.768,0.591,"6","IGFLR1","6"
"UBE2B",0.712,0.592826972995699,0.424,0.5928269729957,0.976,0.925,"6","UBE2B","6"
"RANGAP1",0.712,0.471771508489633,0.424,0.471771508489637,0.942,0.795,"6","RANGAP1","6"
"TPP1",0.712,0.389089536496524,0.424,0.389089536496525,0.863,0.662,"6","TPP1","6"
"CD320",0.712,0.257842661558807,0.424,0.257842661558808,0.727,0.428,"6","CD320","6"
"ZC3H12D",0.711,0.595471304279181,0.422,0.595471304279183,0.875,0.791,"6","ZC3H12D","6"
"AHSA1",0.71,0.61307295648944,0.42,0.613072956489438,0.963,0.852,"6","AHSA1","6"
"GBP5",0.709,0.623965604274655,0.418,0.623965604274657,0.848,0.657,"6","GBP5","6"
"RBBP8",0.709,0.378494283969104,0.418,0.378494283969102,0.784,0.613,"6","RBBP8","6"
"SQOR",0.709,0.250991463587356,0.418,0.250991463587356,0.812,0.591,"6","SQOR","6"
"PPP1R2",0.708,0.734782463982155,0.416,0.734782463982152,0.945,0.846,"6","PPP1R2","6"
"ATP5MC2",0.707,0.621259678110624,0.414,0.621259678110623,0.953,0.799,"6","ATP5MC2","6"
"PSAP",0.707,0.407150825600387,0.414,0.407150825600387,0.863,0.616,"6","PSAP","6"
"ZNF292",0.705,0.659793659378601,0.41,0.659793659378602,0.871,0.709,"6","ZNF292","6"
"RYBP",0.703,0.585893989305156,0.406,0.585893989305155,0.899,0.771,"6","RYBP","6"
"DUSP16",0.702,0.671066524887946,0.404,0.671066524887947,0.75,0.537,"6","DUSP16","6"
"IL32",0.706,0.660194911745373,0.412,0.660194911745374,0.934,0.765,"6","IL32","6"
"KLRD11",0.956,2.02261005490677,0.912,2.02261005490677,0.989,0.614,"7","KLRD1","7"
"TYROBP",0.907,1.60136771058548,0.814,1.60136771058548,0.921,0.523,"7","TYROBP","7"
"KLRC11",0.891,1.46476569331081,0.782,1.46476569331081,0.918,0.619,"7","KLRC1","7"
"XCL21",0.879,1.49095703061122,0.758,1.49095703061122,0.95,0.701,"7","XCL2","7"
"LYN",0.878,0.75252866714821,0.756,0.75252866714821,0.893,0.599,"7","LYN","7"
"KLRC2",0.865,0.82643171164374,0.73,0.82643171164374,0.887,0.568,"7","KLRC2","7"
"GAS7",0.865,0.579738056587474,0.73,0.579738056587474,0.868,0.482,"7","GAS7","7"
"CTSW",0.864,1.20061181722037,0.728,1.20061181722036,0.937,0.624,"7","CTSW","7"
"ITGAX",0.858,0.523851508467292,0.716,0.523851508467293,0.864,0.522,"7","ITGAX","7"
"NKG71",0.853,1.22524536414574,0.706,1.22524536414573,0.989,0.878,"7","NKG7","7"
"HVCN1",0.852,0.376364920228686,0.704,0.376364920228686,0.855,0.511,"7","HVCN1","7"
"KLRF1",0.851,0.745252781949386,0.702,0.745252781949386,0.85,0.511,"7","KLRF1","7"
"GZMB1",0.848,1.29664848234051,0.696,1.29664848234052,0.927,0.712,"7","GZMB","7"
"FCGR3A",0.847,0.589903376408107,0.694,0.589903376408108,0.909,0.684,"7","FCGR3A","7"
"LINC00996",0.847,0.526525166738311,0.694,0.526525166738311,0.841,0.488,"7","LINC00996","7"
"P2RX5",0.847,0.393191829950572,0.694,0.393191829950572,0.884,0.542,"7","P2RX5","7"
"CD160",0.843,0.516708313469024,0.686,0.516708313469024,0.857,0.511,"7","CD160","7"
"AXIN1",0.843,0.502773845930956,0.686,0.502773845930956,0.884,0.523,"7","AXIN1","7"
"SLC15A4",0.831,0.454742836872972,0.662,0.454742836872971,0.898,0.63,"7","SLC15A4","7"
"CLIC3",0.828,1.19154392769437,0.656,1.19154392769437,0.914,0.709,"7","CLIC3","7"
"RRAD",0.828,0.502098312952905,0.656,0.502098312952905,0.905,0.758,"7","RRAD","7"
"GIT1",0.826,0.350344274036897,0.652,0.350344274036898,0.914,0.634,"7","GIT1","7"
"GNLY1",0.822,2.16029415166629,0.644,2.16029415166629,0.871,0.682,"7","GNLY","7"
"IFITM2",0.818,0.91732158032879,0.636,0.917321580328789,0.968,0.783,"7","IFITM2","7"
"LAT2",0.817,0.830832782187754,0.634,0.830832782187754,0.816,0.442,"7","LAT2","7"
"BCL6",0.817,0.32878534125428,0.634,0.328785341254281,0.905,0.571,"7","BCL6","7"
"BLVRB",0.816,0.432618379768441,0.632,0.432618379768442,0.952,0.807,"7","BLVRB","7"
"SLC35A3",0.815,0.399341396906245,0.63,0.399341396906244,0.939,0.618,"7","SLC35A3","7"
"TRDC",0.805,0.971066304431442,0.61,0.971066304431442,0.796,0.269,"7","TRDC","7"
"MATK",0.804,0.887264979635201,0.608,0.8872649796352,0.866,0.637,"7","MATK","7"
"SMAD3",0.804,0.318855615413871,0.608,0.318855615413872,0.943,0.693,"7","SMAD3","7"
"CMC1",0.803,0.979154993210466,0.606,0.979154993210466,0.925,0.761,"7","CMC1","7"
"PRR5L",0.802,0.355607065780574,0.604,0.355607065780574,0.912,0.689,"7","PRR5L","7"
"RAB29",0.799,0.51268990207316,0.598,0.512689902073159,0.943,0.678,"7","RAB29","7"
"ATP1B1",0.799,0.36507821551974,0.598,0.365078215519741,0.921,0.661,"7","ATP1B1","7"
"B4GALT5",0.795,0.274053166687344,0.59,0.274053166687345,0.95,0.738,"7","B4GALT5","7"
"ANXA11",0.789,0.782047839131766,0.578,0.782047839131768,0.952,0.705,"7","ANXA11","7"
"DAAM1",0.787,0.410834587497518,0.574,0.410834587497517,0.952,0.788,"7","DAAM1","7"
"EI24",0.786,0.390036567362358,0.572,0.390036567362358,0.896,0.592,"7","EI24","7"
"C1orf21",0.783,0.416788927206229,0.566,0.416788927206227,0.9,0.749,"7","C1orf21","7"
"SERPINE2",0.782,0.476622367781784,0.564,0.476622367781784,0.816,0.613,"7","SERPINE2","7"
"HMGXB4",0.782,0.25556241311255,0.564,0.255562413112549,0.918,0.596,"7","HMGXB4","7"
"SH2D1B",0.778,0.709515513177737,0.556,0.709515513177737,0.769,0.452,"7","SH2D1B","7"
"PLEK",0.778,0.366785030851069,0.556,0.366785030851068,0.93,0.762,"7","PLEK","7"
"NRAS",0.778,0.250478477526046,0.556,0.250478477526045,0.921,0.671,"7","NRAS","7"
"ABCB1",0.777,0.473278095111526,0.554,0.473278095111527,0.941,0.771,"7","ABCB1","7"
"BID",0.774,0.449867480328279,0.548,0.449867480328281,0.918,0.683,"7","BID","7"
"UBE2F",0.774,0.44124689283535,0.548,0.44124689283535,0.882,0.676,"7","UBE2F","7"
"METRNL2",0.772,0.735100630675156,0.544,0.735100630675154,0.986,0.895,"7","METRNL","7"
"SPON2",0.772,0.296408358346282,0.544,0.296408358346282,0.837,0.535,"7","SPON2","7"
"HES6",0.77,0.273161551966037,0.54,0.273161551966036,0.83,0.654,"7","HES6","7"
"ABHD2",0.768,0.421723178881033,0.536,0.421723178881033,0.823,0.568,"7","ABHD2","7"
"ZBTB44",0.768,0.292887130257381,0.536,0.292887130257379,0.898,0.526,"7","ZBTB44","7"
"APOBEC3G1",0.766,0.691502657043173,0.532,0.691502657043174,0.995,0.912,"7","APOBEC3G","7"
"GNGT2",0.766,0.300079940407589,0.532,0.300079940407589,0.807,0.558,"7","GNGT2","7"
"GALNT11",0.766,0.295484062775243,0.532,0.295484062775245,0.912,0.644,"7","GALNT11","7"
"IGFBP2",0.76,0.303223396206352,0.52,0.303223396206352,0.76,0.514,"7","IGFBP2","7"
"HAVCR2",0.759,0.518087540595747,0.518,0.518087540595747,0.794,0.558,"7","HAVCR2","7"
"CD300A",0.758,0.550830279191795,0.516,0.550830279191794,0.83,0.669,"7","CD300A","7"
"GZMH",0.758,0.436846682737676,0.516,0.436846682737676,0.941,0.79,"7","GZMH","7"
"HOPX",0.757,0.682528146547423,0.514,0.682528146547421,0.844,0.694,"7","HOPX","7"
"PRKX",0.757,0.606252374137547,0.514,0.606252374137552,0.941,0.75,"7","PRKX","7"
"LRMP",0.756,0.291808734767338,0.512,0.291808734767337,0.927,0.727,"7","LRMP","7"
"GMCL1",0.755,0.38682794325508,0.51,0.386827943255082,0.9,0.654,"7","GMCL1","7"
"C19orf24",0.753,0.374782694888488,0.506,0.374782694888486,0.871,0.588,"7","C19orf24","7"
"DGKZ",0.752,0.596100945603086,0.504,0.596100945603085,0.864,0.547,"7","DGKZ","7"
"COMT",0.75,0.269727928086859,0.5,0.26972792808686,0.766,0.429,"7","COMT","7"
"PLCG2",0.746,0.508165437677342,0.492,0.508165437677341,0.773,0.596,"7","PLCG2","7"
"MAP2K3",0.745,0.514836129270839,0.49,0.514836129270841,0.952,0.784,"7","MAP2K3","7"
"CD7",0.744,0.630449916681637,0.488,0.630449916681635,0.93,0.725,"7","CD7","7"
"IL2RB",0.743,0.548380456519546,0.486,0.548380456519546,0.934,0.787,"7","IL2RB","7"
"CST71",0.742,0.647473845085071,0.484,0.647473845085067,0.986,0.886,"7","CST7","7"
"GFOD1",0.742,0.422113890753585,0.484,0.422113890753586,0.794,0.58,"7","GFOD1","7"
"SART1",0.741,0.266265758767482,0.482,0.266265758767481,0.823,0.565,"7","SART1","7"
"TRMO",0.739,0.306544347443203,0.478,0.306544347443205,0.891,0.667,"7","TRMO","7"
"SLA2",0.735,0.48645908172572,0.47,0.486459081725722,0.841,0.61,"7","SLA2","7"
"DFFA",0.735,0.283018514933148,0.47,0.283018514933148,0.837,0.598,"7","DFFA","7"
"EFCAB14",0.734,0.271495997315445,0.468,0.271495997315446,0.889,0.647,"7","EFCAB14","7"
"XAF1",0.728,0.352839336862264,0.456,0.352839336862263,0.83,0.563,"7","XAF1","7"
"LSM4",0.727,0.403461693584499,0.454,0.403461693584498,0.825,0.56,"7","LSM4","7"
"PTPN12",0.727,0.338473990005781,0.454,0.338473990005782,0.769,0.59,"7","PTPN12","7"
"CHST12",0.725,0.530466416365075,0.45,0.530466416365076,0.9,0.739,"7","CHST12","7"
"NDUFB7",0.725,0.327742926194949,0.45,0.327742926194947,0.896,0.644,"7","NDUFB7","7"
"CDC42SE1",0.723,0.599580644366265,0.446,0.599580644366264,0.971,0.836,"7","CDC42SE1","7"
"CHMP6",0.723,0.255900784251032,0.446,0.255900784251031,0.789,0.59,"7","CHMP6","7"
"SAMD3",0.722,0.395102312118743,0.444,0.395102312118743,0.9,0.741,"7","SAMD3","7"
"BIRC6",0.722,0.306305618145663,0.444,0.306305618145664,0.887,0.611,"7","BIRC6","7"
"PRF1",0.72,0.638123313771238,0.44,0.638123313771239,0.821,0.655,"7","PRF1","7"
"ADGRG3",0.72,0.525555210035427,0.44,0.525555210035428,0.683,0.243,"7","ADGRG3","7"
"SPG7",0.719,0.251269260604033,0.438,0.251269260604034,0.909,0.601,"7","SPG7","7"
"C1orf162",0.717,0.26808261909676,0.434,0.26808261909676,0.739,0.503,"7","C1orf162","7"
"CIR1",0.714,0.386230757002526,0.428,0.386230757002526,0.973,0.795,"7","CIR1","7"
"FASLG",0.711,0.463125456461908,0.422,0.463125456461907,0.875,0.792,"7","FASLG","7"
"CD38",0.71,0.456852670854021,0.42,0.456852670854021,0.735,0.57,"7","CD38","7"
"POMP",0.709,0.423781046658368,0.418,0.423781046658372,0.971,0.82,"7","POMP","7"
"NDUFB10",0.707,0.389296435854625,0.414,0.389296435854625,0.902,0.655,"7","NDUFB10","7"
"ITGB2",0.706,0.387390311221592,0.412,0.387390311221593,0.864,0.63,"7","ITGB2","7"
"SCLT1",0.706,0.269285722262308,0.412,0.269285722262306,0.764,0.55,"7","SCLT1","7"
"TENT5A",0.705,0.475078750008549,0.41,0.475078750008549,0.778,0.598,"7","TENT5A","7"
"NCAM1",0.704,0.544903078347558,0.408,0.544903078347558,0.701,0.538,"7","NCAM1","7"
"BIRC2",0.704,0.363793134222497,0.408,0.363793134222499,0.957,0.794,"7","BIRC2","7"
"ZC3H13",0.704,0.288257746808449,0.408,0.288257746808445,0.918,0.711,"7","ZC3H13","7"
"HCST",0.703,0.469886147737108,0.406,0.469886147737111,0.932,0.811,"7","HCST","7"
"TNFRSF1B",0.703,0.437976332245453,0.406,0.437976332245451,0.952,0.775,"7","TNFRSF1B","7"
"AOAH",0.701,0.405056347052578,0.402,0.405056347052578,0.703,0.409,"7","AOAH","7"
"CD247",0.746,1.20468448186815,0.492,1.20468448186815,0.719,0.371,"7","CD247","7"
"LSP1",0.743,0.948480985560089,0.486,0.948480985560093,0.748,0.372,"7","LSP1","7"
"GSTP1",0.743,0.886738295335489,0.486,0.886738295335491,0.766,0.365,"7","GSTP1","7"
"TMIGD2",0.742,1.2634603515165,0.484,1.2634603515165,0.524,0.041,"7","TMIGD2","7"
"CTSD",0.741,0.9983886895297,0.482,0.9983886895297,0.662,0.208,"7","CTSD","7"
"PFN1",0.734,0.730765923503163,0.468,0.730765923503165,0.925,0.719,"7","PFN1","7"
"CAPG",0.719,1.00600678137379,0.438,1.00600678137379,0.553,0.122,"7","CAPG","7"
"GZMA",0.717,1.50537744313063,0.434,1.50537744313063,0.712,0.376,"7","GZMA","7"
"ACTB",0.714,0.744524426989284,0.428,0.744524426989291,0.973,0.89,"7","ACTB","7"
"EVL",0.711,0.727633505414006,0.422,0.727633505414006,0.748,0.403,"7","EVL","7"
"BCAS1",0.95,1.2689007975359,0.9,1.2689007975359,0.903,0.295,"8","BCAS1","8"
"HOTAIRM11",0.923,1.4107803959594,0.846,1.4107803959594,0.959,0.711,"8","HOTAIRM1","8"
"GOLIM41",0.921,1.25054144556811,0.842,1.25054144556811,0.924,0.54,"8","GOLIM4","8"
"MPV17L",0.921,0.584755969209776,0.842,0.584755969209776,0.883,0.485,"8","MPV17L","8"
"NRIP11",0.918,1.36243002906129,0.836,1.36243002906129,0.959,0.682,"8","NRIP1","8"
"VEGFA",0.918,0.890313878847118,0.836,0.890313878847118,0.91,0.551,"8","VEGFA","8"
"SCN1B",0.909,1.56893084611026,0.818,1.56893084611026,0.89,0.512,"8","SCN1B","8"
"TIMP21",0.906,1.24927574687103,0.812,1.24927574687103,0.91,0.622,"8","TIMP2","8"
"CTBP21",0.905,1.17179368670932,0.81,1.17179368670932,0.89,0.578,"8","CTBP2","8"
"IL4I11",0.903,1.86793269155308,0.806,1.86793269155308,0.924,0.762,"8","IL4I1","8"
"LST1",0.9,1.85511246277364,0.8,1.85511246277364,0.897,0.577,"8","LST1","8"
"ENPP1",0.897,0.665457260911593,0.794,0.665457260911593,0.883,0.633,"8","ENPP1","8"
"TSPAN13",0.897,0.586394684184399,0.794,0.586394684184399,0.862,0.458,"8","TSPAN13","8"
"KIT",0.891,1.83728995420845,0.782,1.83728995420845,0.876,0.608,"8","KIT","8"
"PPP1R3B",0.889,0.634502341255332,0.778,0.634502341255333,0.89,0.606,"8","PPP1R3B","8"
"ZNF667",0.889,0.541095908964345,0.778,0.541095908964345,0.828,0.324,"8","ZNF667","8"
"NFKB11",0.886,1.26410761161995,0.772,1.26410761161994,0.986,0.877,"8","NFKB1","8"
"LIF",0.884,0.705582628248579,0.768,0.705582628248579,0.862,0.462,"8","LIF","8"
"IGFBP4",0.883,0.960198975937862,0.766,0.960198975937862,0.903,0.564,"8","IGFBP4","8"
"IL1R11",0.881,1.26846088501142,0.762,1.26846088501142,0.89,0.591,"8","IL1R1","8"
"RASSF81",0.88,1.04764403151274,0.76,1.04764403151274,0.848,0.49,"8","RASSF8","8"
"KRT811",0.879,0.762137963785254,0.758,0.762137963785254,0.814,0.12,"8","KRT81","8"
"LACC1",0.879,0.527574174224771,0.758,0.527574174224771,0.876,0.653,"8","LACC1","8"
"NPTX2",0.878,0.864337696870397,0.756,0.864337696870397,0.807,0.231,"8","NPTX2","8"
"IFNGR2",0.878,0.841330879240547,0.756,0.841330879240547,0.89,0.551,"8","IFNGR2","8"
"KIAA1211L",0.877,0.317070099349131,0.754,0.317070099349131,0.848,0.535,"8","KIAA1211L","8"
"FXYD5",0.876,1.39237772864627,0.752,1.39237772864627,0.972,0.822,"8","FXYD5","8"
"CTNNB11",0.875,1.29814779045868,0.75,1.29814779045868,0.959,0.723,"8","CTNNB1","8"
"HHEX",0.875,0.340074885912184,0.75,0.340074885912184,0.841,0.462,"8","HHEX","8"
"TNFSF11",0.873,0.729147176457408,0.746,0.729147176457408,0.834,0.423,"8","TNFSF11","8"
"MFGE81",0.872,0.845226352587229,0.744,0.845226352587229,0.869,0.535,"8","MFGE8","8"
"C15orf48",0.87,1.01106240276589,0.74,1.01106240276589,0.876,0.643,"8","C15orf48","8"
"NOTCH2",0.87,0.629059020312668,0.74,0.629059020312668,0.883,0.574,"8","NOTCH2","8"
"MAST41",0.869,1.15913245741341,0.738,1.15913245741341,0.917,0.646,"8","MAST4","8"
"TNFRSF182",0.868,1.39687057944624,0.736,1.39687057944624,0.979,0.787,"8","TNFRSF18","8"
"AGPAT51",0.864,1.0864365299029,0.728,1.0864365299029,0.883,0.612,"8","AGPAT5","8"
"TNFSF4",0.864,1.02373571629569,0.728,1.02373571629569,0.841,0.533,"8","TNFSF4","8"
"SLC37A1",0.863,0.516655254794263,0.726,0.516655254794263,0.883,0.514,"8","SLC37A1","8"
"NINJ1",0.861,1.17824027812001,0.722,1.17824027812001,0.972,0.844,"8","NINJ1","8"
"SSH1",0.861,0.766638321335614,0.722,0.766638321335614,0.876,0.578,"8","SSH1","8"
"PLAGL1",0.86,0.829698712075886,0.72,0.829698712075886,0.862,0.59,"8","PLAGL1","8"
"ERGIC1",0.856,0.795210671760345,0.712,0.795210671760345,0.91,0.591,"8","ERGIC1","8"
"CLCN3",0.855,0.709781309198941,0.71,0.709781309198942,0.883,0.627,"8","CLCN3","8"
"GRAMD2B1",0.854,0.738468260183045,0.708,0.738468260183044,0.876,0.683,"8","GRAMD2B","8"
"CYSLTR1",0.853,0.899246656423572,0.706,0.899246656423571,0.869,0.542,"8","CYSLTR1","8"
"PLK2",0.853,0.604155778046289,0.706,0.604155778046288,0.855,0.518,"8","PLK2","8"
"PRPF61",0.852,1.19421703027785,0.704,1.19421703027785,0.938,0.669,"8","PRPF6","8"
"MMP9",0.852,0.487309855012138,0.704,0.487309855012138,0.828,0.592,"8","MMP9","8"
"CSF21",0.85,1.35416040616289,0.7,1.35416040616289,0.828,0.512,"8","CSF2","8"
"MOK",0.85,0.382820065603913,0.7,0.382820065603913,0.855,0.602,"8","MOK","8"
"ITGB11",0.849,1.17262058692424,0.698,1.17262058692425,0.966,0.811,"8","ITGB1","8"
"BLVRA",0.849,0.376585346671897,0.698,0.376585346671897,0.855,0.564,"8","BLVRA","8"
"DEAF1",0.848,0.534586633989927,0.696,0.534586633989926,0.841,0.445,"8","DEAF1","8"
"H2AFY",0.847,1.38653824972983,0.694,1.38653824972983,0.91,0.632,"8","H2AFY","8"
"PURB",0.845,0.852988883081765,0.69,0.852988883081764,0.945,0.734,"8","PURB","8"
"LAYN",0.843,0.83555740825826,0.686,0.83555740825826,0.841,0.46,"8","LAYN","8"
"PACSIN21",0.842,0.679805573591169,0.684,0.679805573591169,0.869,0.597,"8","PACSIN2","8"
"AREG",0.841,1.56840310916529,0.682,1.56840310916529,0.89,0.653,"8","AREG","8"
"GALC",0.841,0.346885062880129,0.682,0.346885062880129,0.841,0.498,"8","GALC","8"
"PPFIBP1",0.839,0.528815119395786,0.678,0.528815119395786,0.848,0.704,"8","PPFIBP1","8"
"KLRB12",0.838,1.15481857641905,0.676,1.15481857641905,0.952,0.713,"8","KLRB1","8"
"MTX1",0.838,0.366624651147125,0.676,0.366624651147126,0.883,0.648,"8","MTX1","8"
"TSC22D1",0.837,1.1489963739374,0.674,1.1489963739374,0.883,0.591,"8","TSC22D1","8"
"FNDC3B",0.837,0.543469928705894,0.674,0.543469928705894,0.883,0.668,"8","FNDC3B","8"
"HSPBP1",0.837,0.36323674101023,0.674,0.36323674101023,0.862,0.637,"8","HSPBP1","8"
"CSRNP2",0.836,0.345230431291614,0.672,0.345230431291613,0.848,0.565,"8","CSRNP2","8"
"CYC1",0.835,0.695581936275839,0.67,0.695581936275839,0.897,0.578,"8","CYC1","8"
"SPINT2",0.835,0.526716115645164,0.67,0.526716115645165,0.828,0.414,"8","SPINT2","8"
"ZFHX31",0.835,0.451213394403063,0.67,0.451213394403063,0.807,0.497,"8","ZFHX3","8"
"TRAF4",0.834,1.09879565847208,0.668,1.09879565847208,0.917,0.714,"8","TRAF4","8"
"PPM1B",0.833,0.707668990501846,0.666,0.707668990501847,0.917,0.554,"8","PPM1B","8"
"TCEAL8",0.833,0.562062108862555,0.666,0.562062108862557,0.862,0.56,"8","TCEAL8","8"
"PLEKHA5",0.833,0.481742948173427,0.666,0.481742948173426,0.883,0.713,"8","PLEKHA5","8"
"VTA1",0.833,0.353797775647771,0.666,0.353797775647773,0.897,0.603,"8","VTA1","8"
"THAP11",0.832,0.712206861385641,0.664,0.712206861385642,0.883,0.591,"8","THAP11","8"
"FCER1G1",0.831,1.27329982040603,0.662,1.27329982040603,0.814,0.484,"8","FCER1G","8"
"MCAM",0.83,0.544491345322248,0.66,0.544491345322249,0.855,0.656,"8","MCAM","8"
"RAB32",0.83,0.455440940460149,0.66,0.455440940460149,0.793,0.479,"8","RAB32","8"
"XCL11",0.829,1.99022677628942,0.658,1.99022677628942,0.848,0.683,"8","XCL1","8"
"ZSCAN181",0.828,0.835741905456427,0.656,0.835741905456429,0.855,0.577,"8","ZSCAN18","8"
"SLC43A2",0.828,0.730449348825867,0.656,0.730449348825867,0.841,0.662,"8","SLC43A2","8"
"MAP7D3",0.828,0.301257121796738,0.656,0.301257121796738,0.876,0.637,"8","MAP7D3","8"
"CHMP4B",0.827,1.01558727134186,0.654,1.01558727134186,0.972,0.824,"8","CHMP4B","8"
"SUCLA2",0.827,0.419820890891135,0.654,0.419820890891135,0.848,0.507,"8","SUCLA2","8"
"MAP3K7",0.827,0.320492375480446,0.654,0.320492375480447,0.848,0.542,"8","MAP3K7","8"
"DALRD3",0.826,0.386632747650856,0.652,0.386632747650854,0.848,0.51,"8","DALRD3","8"
"COQ8A",0.825,0.531858739292508,0.65,0.531858739292508,0.841,0.617,"8","COQ8A","8"
"PAK1",0.824,0.702865876133365,0.648,0.702865876133364,0.834,0.637,"8","PAK1","8"
"TSPAN2",0.824,0.567342221101829,0.648,0.56734222110183,0.821,0.614,"8","TSPAN2","8"
"C20orf27",0.824,0.274558119491529,0.648,0.274558119491529,0.828,0.499,"8","C20orf27","8"
"STX17",0.822,0.321319491656928,0.644,0.321319491656928,0.828,0.441,"8","STX17","8"
"SOX41",0.821,1.30096038655923,0.642,1.30096038655923,0.821,0.401,"8","SOX4","8"
"C20orf204",0.821,0.815112395830455,0.642,0.815112395830455,0.786,0.443,"8","C20orf204","8"
"RTL8C",0.821,0.313859018584441,0.642,0.313859018584441,0.876,0.678,"8","RTL8C","8"
"PPA2",0.821,0.313264063364049,0.642,0.313264063364049,0.855,0.539,"8","PPA2","8"
"ABCA5",0.82,0.310571730451073,0.64,0.310571730451072,0.869,0.589,"8","ABCA5","8"
"LATS2",0.817,0.609022331848716,0.634,0.609022331848716,0.8,0.584,"8","LATS2","8"
"TM2D2",0.817,0.277563791060486,0.634,0.277563791060485,0.862,0.536,"8","TM2D2","8"
"ARHGAP10",0.816,0.996289154630992,0.632,0.996289154630992,0.869,0.737,"8","ARHGAP10","8"
"TP53I13",0.815,0.440428853452385,0.63,0.440428853452384,0.883,0.552,"8","TP53I13","8"
"RAD54L2",0.815,0.362753324975374,0.63,0.362753324975374,0.834,0.567,"8","RAD54L2","8"
"KXD1",0.815,0.304254126931354,0.63,0.304254126931355,0.855,0.467,"8","KXD1","8"
"ANKRD26",0.814,0.397178522137055,0.628,0.397178522137055,0.814,0.493,"8","ANKRD26","8"
"B3GNT71",0.813,0.80085587951283,0.626,0.80085587951283,0.807,0.562,"8","B3GNT7","8"
"LINC00299",0.813,0.499855642135886,0.626,0.499855642135886,0.738,0.18,"8","LINC00299","8"
"PHF5A",0.812,0.535049318382637,0.624,0.535049318382636,0.917,0.688,"8","PHF5A","8"
"TLN1",0.811,0.88936190497304,0.622,0.889361904973044,0.959,0.693,"8","TLN1","8"
"APPL11",0.811,0.792954584393088,0.622,0.792954584393089,0.897,0.692,"8","APPL1","8"
"AASDHPPT",0.81,0.443272956203433,0.62,0.443272956203432,0.876,0.553,"8","AASDHPPT","8"
"CLOCK",0.809,0.33954336643489,0.618,0.33954336643489,0.841,0.614,"8","CLOCK","8"
"RPP38",0.809,0.307065767157699,0.618,0.307065767157698,0.862,0.551,"8","RPP38","8"
"SCX",0.808,0.92635173109886,0.616,0.92635173109886,0.793,0.53,"8","SCX","8"
"RALBP1",0.808,0.892324570183624,0.616,0.892324570183623,0.945,0.744,"8","RALBP1","8"
"LONP2",0.808,0.478618343696289,0.616,0.478618343696291,0.91,0.625,"8","LONP2","8"
"QTRT2",0.808,0.307921775231072,0.616,0.307921775231072,0.869,0.582,"8","QTRT2","8"
"FAR1",0.808,0.279169084681299,0.616,0.279169084681298,0.862,0.541,"8","FAR1","8"
"VAPB",0.807,0.331092852803959,0.614,0.331092852803958,0.883,0.635,"8","VAPB","8"
"CD631",0.806,0.933622913403584,0.612,0.933622913403589,0.972,0.841,"8","CD63","8"
"ALDOC",0.806,0.742979255585379,0.612,0.74297925558538,0.848,0.671,"8","ALDOC","8"
"GDE1",0.805,0.831133232061307,0.61,0.831133232061304,0.903,0.716,"8","GDE1","8"
"NUTF2",0.805,0.755129358750134,0.61,0.755129358750135,0.862,0.538,"8","NUTF2","8"
"RALB",0.804,0.314649498232382,0.608,0.314649498232383,0.848,0.605,"8","RALB","8"
"GNG4",0.803,0.709341697687558,0.606,0.709341697687557,0.8,0.651,"8","GNG4","8"
"INPP5B",0.802,0.465483538238574,0.604,0.465483538238575,0.807,0.543,"8","INPP5B","8"
"STOML2",0.802,0.381089676975822,0.604,0.381089676975822,0.869,0.627,"8","STOML2","8"
"ARHGAP5",0.801,0.691365825105467,0.602,0.691365825105467,0.917,0.668,"8","ARHGAP5","8"
"SPRY1",0.8,1.20335746629169,0.6,1.20335746629169,0.876,0.671,"8","SPRY1","8"
"NAA15",0.8,0.515802625220194,0.6,0.515802625220194,0.883,0.594,"8","NAA15","8"
"ZNF395",0.8,0.344372944584101,0.6,0.344372944584101,0.855,0.646,"8","ZNF395","8"
"ID21",0.798,1.06990768090003,0.596,1.06990768090003,0.945,0.857,"8","ID2","8"
"KRT861",0.798,0.962620254466984,0.596,0.962620254466984,0.752,0.313,"8","KRT86","8"
"GNA152",0.798,0.748993922408312,0.596,0.74899392240831,0.91,0.732,"8","GNA15","8"
"LAPTM4B",0.798,0.727215343355222,0.596,0.727215343355223,0.814,0.602,"8","LAPTM4B","8"
"KCTD9",0.798,0.516137427703687,0.596,0.516137427703687,0.834,0.599,"8","KCTD9","8"
"SPINK2",0.797,1.2296012588093,0.594,1.2296012588093,0.793,0.65,"8","SPINK2","8"
"NEO1",0.796,0.442708209736187,0.592,0.442708209736188,0.793,0.604,"8","NEO1","8"
"ACD",0.796,0.293579739223152,0.592,0.293579739223151,0.841,0.515,"8","ACD","8"
"LTB1",0.795,0.957777513013245,0.59,0.95777751301325,0.966,0.782,"8","LTB","8"
"DLL1",0.794,0.819290328482402,0.588,0.819290328482402,0.779,0.563,"8","DLL1","8"
"TEX30",0.794,0.437222508068499,0.588,0.437222508068499,0.848,0.604,"8","TEX30","8"
"RPRD1A",0.794,0.372258248667069,0.588,0.37225824866707,0.841,0.598,"8","RPRD1A","8"
"UNC50",0.794,0.302621715128519,0.588,0.30262171512852,0.821,0.511,"8","UNC50","8"
"DUSP14",0.794,0.277460170082201,0.588,0.277460170082201,0.828,0.614,"8","DUSP14","8"
"LRRFIP2",0.793,0.700114873624746,0.586,0.700114873624741,0.931,0.798,"8","LRRFIP2","8"
"METTL7A",0.793,0.36271441393977,0.586,0.36271441393977,0.745,0.403,"8","METTL7A","8"
"KIAA1468",0.793,0.256891936066871,0.586,0.25689193606687,0.821,0.527,"8","KIAA1468","8"
"KRT18",0.792,0.446343710323625,0.584,0.446343710323625,0.8,0.477,"8","KRT18","8"
"MLEC",0.791,0.730231301550488,0.582,0.730231301550489,0.903,0.672,"8","MLEC","8"
"RASD1",0.791,0.632895138259139,0.582,0.632895138259139,0.779,0.425,"8","RASD1","8"
"GALNT3",0.791,0.413818497235626,0.582,0.413818497235626,0.828,0.653,"8","GALNT3","8"
"CST3",0.79,0.537402464283102,0.58,0.537402464283102,0.821,0.503,"8","CST3","8"
"IFT57",0.79,0.521297322477842,0.58,0.521297322477841,0.91,0.713,"8","IFT57","8"
"GAPVD1",0.79,0.422340616823076,0.58,0.422340616823075,0.862,0.621,"8","GAPVD1","8"
"TPT1",0.79,0.391934824897911,0.58,0.391934824897902,1,0.998,"8","TPT1","8"
"EREG",0.789,0.465582982904392,0.578,0.465582982904393,0.745,0.456,"8","EREG","8"
"UBXN2A",0.789,0.409245938346941,0.578,0.409245938346942,0.883,0.683,"8","UBXN2A","8"
"SEC23IP",0.789,0.390641814730563,0.578,0.390641814730564,0.834,0.564,"8","SEC23IP","8"
"ECI2",0.789,0.293932194806047,0.578,0.293932194806048,0.876,0.629,"8","ECI2","8"
"RNF7",0.788,0.811455574904699,0.576,0.811455574904697,0.959,0.754,"8","RNF7","8"
"EPS8L2",0.788,0.2746073249222,0.576,0.2746073249222,0.752,0.365,"8","EPS8L2","8"
"RAB11FIP1",0.787,0.928767285960424,0.574,0.928767285960424,0.938,0.739,"8","RAB11FIP1","8"
"HIPK2",0.787,0.747898098234622,0.574,0.747898098234621,0.807,0.543,"8","HIPK2","8"
"EXOSC7",0.787,0.349526696798904,0.574,0.349526696798904,0.793,0.462,"8","EXOSC7","8"
"PLPP1",0.786,0.379187839644231,0.572,0.379187839644232,0.8,0.542,"8","PLPP1","8"
"IFI44L",0.786,0.370605527411125,0.572,0.370605527411126,0.841,0.577,"8","IFI44L","8"
"RFX2",0.786,0.36008802710558,0.572,0.36008802710558,0.786,0.536,"8","RFX2","8"
"RASSF2",0.786,0.293975739970105,0.572,0.293975739970105,0.883,0.688,"8","RASSF2","8"
"AHI11",0.785,0.975983591681117,0.57,0.975983591681114,0.931,0.74,"8","AHI1","8"
"ARMC10",0.785,0.300005717711727,0.57,0.300005717711728,0.841,0.563,"8","ARMC10","8"
"TOX21",0.784,0.77239892683082,0.568,0.772398926830821,0.772,0.533,"8","TOX2","8"
"ORC4",0.784,0.314789969197537,0.568,0.314789969197537,0.8,0.538,"8","ORC4","8"
"C15orf39",0.783,0.61049220066186,0.566,0.61049220066186,0.786,0.584,"8","C15orf39","8"
"CEP68",0.783,0.353633030172578,0.566,0.353633030172578,0.862,0.6,"8","CEP68","8"
"FASTKD2",0.783,0.283237930061712,0.566,0.283237930061712,0.828,0.514,"8","FASTKD2","8"
"ZBTB10",0.782,0.505166205065131,0.564,0.50516620506513,0.848,0.62,"8","ZBTB10","8"
"PRKAB2",0.782,0.404678077144385,0.564,0.404678077144386,0.772,0.526,"8","PRKAB2","8"
"CFAP97",0.782,0.328972267933701,0.564,0.328972267933701,0.862,0.581,"8","CFAP97","8"
"OTUB1",0.781,0.618308329172685,0.562,0.618308329172684,0.903,0.627,"8","OTUB1","8"
"MYB",0.781,0.385389440476453,0.562,0.385389440476453,0.8,0.627,"8","MYB","8"
"NFAT5",0.78,0.91658342223971,0.56,0.916583422239714,0.931,0.8,"8","NFAT5","8"
"SEC11A1",0.78,0.782607794862394,0.56,0.782607794862395,0.91,0.698,"8","SEC11A","8"
"S100A13",0.78,0.442420222686139,0.56,0.442420222686139,0.759,0.5,"8","S100A13","8"
"CHMP5",0.78,0.381882383791937,0.56,0.381882383791937,0.876,0.528,"8","CHMP5","8"
"THBS1",0.78,0.307742753075485,0.56,0.307742753075486,0.862,0.692,"8","THBS1","8"
"ITM2C",0.779,1.01916311683228,0.558,1.01916311683227,0.903,0.797,"8","ITM2C","8"
"TFAM",0.779,0.497049029340345,0.558,0.497049029340346,0.897,0.619,"8","TFAM","8"
"COPS8",0.779,0.431365923103403,0.558,0.431365923103403,0.89,0.641,"8","COPS8","8"
"SNX1",0.779,0.330441308255971,0.558,0.330441308255971,0.876,0.623,"8","SNX1","8"
"REEP3",0.777,0.47101392462716,0.554,0.471013924627161,0.834,0.695,"8","REEP3","8"
"TMED81",0.777,0.338900476653715,0.554,0.338900476653715,0.807,0.588,"8","TMED8","8"
"SVIL",0.776,1.00159582039408,0.552,1.00159582039409,0.828,0.646,"8","SVIL","8"
"GTF2F1",0.776,0.552490322261705,0.552,0.552490322261706,0.91,0.697,"8","GTF2F1","8"
"ZFAND3",0.776,0.296589130476114,0.552,0.296589130476113,0.807,0.563,"8","ZFAND3","8"
"RAMP11",0.775,0.819203887429,0.55,0.819203887429,0.786,0.62,"8","RAMP1","8"
"SEPHS2",0.775,0.423381495747643,0.55,0.423381495747645,0.883,0.58,"8","SEPHS2","8"
"CHSY1",0.775,0.333012175008098,0.55,0.333012175008098,0.869,0.683,"8","CHSY1","8"
"SGTA",0.775,0.296274893476125,0.55,0.296274893476124,0.821,0.585,"8","SGTA","8"
"MAP3K8",0.774,0.800478719545851,0.548,0.800478719545852,0.931,0.807,"8","MAP3K8","8"
"GYPC",0.774,0.769247175984096,0.548,0.769247175984094,0.924,0.677,"8","GYPC","8"
"KLHL61",0.774,0.383433873972494,0.548,0.383433873972494,0.848,0.639,"8","KLHL6","8"
"EEF1A1",0.774,0.379400968048275,0.548,0.379400968048281,1,0.996,"8","EEF1A1","8"
"MAP9",0.774,0.263784087827044,0.548,0.263784087827044,0.834,0.609,"8","MAP9","8"
"EIF2S2",0.773,0.78280286288105,0.546,0.78280286288105,0.952,0.788,"8","EIF2S2","8"
"TMEM167A",0.773,0.637815076072482,0.546,0.637815076072481,0.91,0.708,"8","TMEM167A","8"
"PTK2B",0.773,0.48252909451169,0.546,0.482529094511691,0.897,0.628,"8","PTK2B","8"
"GABPB1",0.773,0.438776816657804,0.546,0.438776816657803,0.841,0.622,"8","GABPB1","8"
"AKR7A2",0.773,0.350373424194844,0.546,0.350373424194845,0.766,0.478,"8","AKR7A2","8"
"TPM4",0.772,0.869640962369912,0.544,0.869640962369913,0.959,0.81,"8","TPM4","8"
"PDE4A1",0.772,0.844053441131929,0.544,0.844053441131929,0.841,0.628,"8","PDE4A","8"
"RHOG",0.771,0.769365060130733,0.542,0.769365060130734,0.959,0.756,"8","RHOG","8"
"ATP5F1C",0.771,0.659258139750562,0.542,0.659258139750563,0.917,0.654,"8","ATP5F1C","8"
"TCF4",0.771,0.648586213043998,0.542,0.648586213043999,0.766,0.547,"8","TCF4","8"
"SESTD1",0.77,0.410226595072419,0.54,0.410226595072419,0.848,0.733,"8","SESTD1","8"
"TSPYL4",0.77,0.362799029307021,0.54,0.362799029307021,0.897,0.666,"8","TSPYL4","8"
"DAP",0.77,0.315455913478164,0.54,0.315455913478164,0.8,0.559,"8","DAP","8"
"USP46",0.77,0.266482328705014,0.54,0.266482328705015,0.807,0.591,"8","USP46","8"
"HOOK31",0.769,0.830658245881689,0.538,0.830658245881691,0.883,0.645,"8","HOOK3","8"
"CEP135",0.769,0.267785604040443,0.538,0.267785604040442,0.828,0.597,"8","CEP135","8"
"FXYD7",0.768,0.93510264369455,0.536,0.93510264369455,0.738,0.365,"8","FXYD7","8"
"SEPT2",0.768,0.740509388295399,0.536,0.7405093882954,0.91,0.661,"8","SEPT2","8"
"LDLRAD4",0.768,0.725572377808181,0.536,0.72557237780818,0.931,0.686,"8","LDLRAD4","8"
"GLB1",0.768,0.460540634185934,0.536,0.460540634185934,0.772,0.599,"8","GLB1","8"
"DCAF11",0.768,0.383702710173103,0.536,0.383702710173104,0.8,0.437,"8","DCAF11","8"
"TET2",0.767,0.379207264566762,0.534,0.379207264566762,0.821,0.569,"8","TET2","8"
"NUDT14",0.767,0.306921708386871,0.534,0.306921708386871,0.752,0.447,"8","NUDT14","8"
"RFK",0.767,0.284189155329695,0.534,0.284189155329695,0.834,0.64,"8","RFK","8"
"MRTO4",0.766,0.369050295644991,0.532,0.369050295644991,0.8,0.492,"8","MRTO4","8"
"CTBS",0.766,0.303921273373697,0.532,0.303921273373696,0.883,0.631,"8","CTBS","8"
"DDIT4",0.765,0.923071239983837,0.53,0.923071239983835,0.945,0.782,"8","DDIT4","8"
"TTC7A",0.765,0.505696272813275,0.53,0.505696272813276,0.828,0.639,"8","TTC7A","8"
"RYK",0.765,0.471374988832124,0.53,0.471374988832125,0.855,0.579,"8","RYK","8"
"TMEM14C",0.765,0.301368287789932,0.53,0.301368287789932,0.807,0.483,"8","TMEM14C","8"
"PLIN3",0.765,0.275111770555841,0.53,0.275111770555841,0.841,0.521,"8","PLIN3","8"
"RERE",0.764,0.774622853323835,0.528,0.774622853323837,0.821,0.595,"8","RERE","8"
"HOXA5",0.763,0.645682238657517,0.526,0.645682238657517,0.731,0.526,"8","HOXA5","8"
"CCDC82",0.763,0.515617935299279,0.526,0.515617935299277,0.917,0.735,"8","CCDC82","8"
"MEF2C",0.763,0.513486221719136,0.526,0.513486221719136,0.738,0.518,"8","MEF2C","8"
"FUCA2",0.762,0.546540663600889,0.524,0.54654066360089,0.8,0.634,"8","FUCA2","8"
"CLN5",0.762,0.27529032483382,0.524,0.275290324833821,0.876,0.673,"8","CLN5","8"
"JAG1",0.761,0.72686749923011,0.522,0.72686749923011,0.752,0.649,"8","JAG1","8"
"SSBP3",0.761,0.701373473848128,0.522,0.701373473848129,0.841,0.7,"8","SSBP3","8"
"RNF1301",0.761,0.615626979547691,0.522,0.615626979547691,0.759,0.585,"8","RNF130","8"
"AHR",0.76,0.815694327841153,0.52,0.815694327841154,0.917,0.808,"8","AHR","8"
"RAB5A",0.76,0.393445491198575,0.52,0.393445491198573,0.89,0.663,"8","RAB5A","8"
"CXXC5",0.759,1.10092864200584,0.518,1.10092864200584,0.772,0.592,"8","CXXC5","8"
"DCAF6",0.759,0.408721533058271,0.518,0.408721533058271,0.786,0.541,"8","DCAF6","8"
"PLSCR1",0.759,0.370894352928699,0.518,0.3708943529287,0.869,0.675,"8","PLSCR1","8"
"AQP3",0.757,1.12197663005576,0.514,1.12197663005576,0.897,0.825,"8","AQP3","8"
"UBE2M",0.757,0.769305926496212,0.514,0.769305926496214,0.89,0.707,"8","UBE2M","8"
"XPA",0.757,0.543508113831826,0.514,0.543508113831825,0.876,0.626,"8","XPA","8"
"AC060780.1",0.757,0.347336535472786,0.514,0.347336535472787,0.745,0.464,"8","AC060780.1","8"
"CASC4",0.757,0.292146911497974,0.514,0.292146911497974,0.848,0.552,"8","CASC4","8"
"PCGF5",0.756,0.633126072552197,0.512,0.633126072552195,0.917,0.777,"8","PCGF5","8"
"WDR43",0.756,0.49509768898588,0.512,0.495097688985879,0.869,0.607,"8","WDR43","8"
"ATP8B4",0.756,0.487629175143607,0.512,0.487629175143607,0.731,0.51,"8","ATP8B4","8"
"ZNF445",0.756,0.359899816915795,0.512,0.359899816915795,0.766,0.532,"8","ZNF445","8"
"IFNAR1",0.756,0.324568406587144,0.512,0.324568406587144,0.883,0.668,"8","IFNAR1","8"
"EXOC6",0.756,0.288046840824848,0.512,0.288046840824848,0.759,0.544,"8","EXOC6","8"
"HIC1",0.755,0.594187608311004,0.51,0.594187608311005,0.834,0.676,"8","HIC1","8"
"NDUFAF3",0.755,0.495151884576803,0.51,0.495151884576804,0.89,0.679,"8","NDUFAF3","8"
"LTC4S",0.754,0.593655448181858,0.508,0.593655448181858,0.738,0.541,"8","LTC4S","8"
"PILRB",0.754,0.418851666928142,0.508,0.418851666928143,0.869,0.584,"8","PILRB","8"
"MTRF1L",0.754,0.413836908580852,0.508,0.413836908580853,0.869,0.739,"8","MTRF1L","8"
"SMAD5",0.754,0.400864182197356,0.508,0.400864182197356,0.8,0.568,"8","SMAD5","8"
"SRI",0.753,0.571543844345532,0.506,0.571543844345533,0.876,0.636,"8","SRI","8"
"DLGAP4",0.751,0.310824799387582,0.502,0.310824799387579,0.814,0.596,"8","DLGAP4","8"
"RRP36",0.751,0.285271899273024,0.502,0.285271899273025,0.869,0.652,"8","RRP36","8"
"FIBP",0.751,0.277600991997303,0.502,0.277600991997304,0.779,0.47,"8","FIBP","8"
"INPP11",0.75,0.538832346099863,0.5,0.538832346099864,0.786,0.623,"8","INPP1","8"
"IRAK3",0.75,0.464296270499169,0.5,0.464296270499169,0.717,0.544,"8","IRAK3","8"
"SPSB1",0.75,0.408582238302873,0.5,0.408582238302873,0.841,0.663,"8","SPSB1","8"
"DSEL",0.75,0.396160394416652,0.5,0.396160394416652,0.772,0.654,"8","DSEL","8"
"ITPR2",0.75,0.289912524519613,0.5,0.289912524519611,0.841,0.591,"8","ITPR2","8"
"TRIM44",0.749,0.625006868614313,0.498,0.625006868614315,0.807,0.551,"8","TRIM44","8"
"BEX5",0.749,0.457230957746339,0.498,0.457230957746337,0.89,0.763,"8","BEX5","8"
"TGM2",0.749,0.36130609459922,0.498,0.36130609459922,0.745,0.609,"8","TGM2","8"
"CAPNS1",0.749,0.301411651748868,0.498,0.301411651748869,0.848,0.571,"8","CAPNS1","8"
"TMEM9B",0.748,0.550092753803138,0.496,0.550092753803138,0.917,0.74,"8","TMEM9B","8"
"RER1",0.748,0.444653348250503,0.496,0.4446533482505,0.869,0.622,"8","RER1","8"
"NBN",0.748,0.300447640419121,0.496,0.300447640419122,0.89,0.605,"8","NBN","8"
"LSM10",0.748,0.262079080780304,0.496,0.262079080780306,0.869,0.627,"8","LSM10","8"
"COA4",0.747,0.342572167549752,0.494,0.342572167549752,0.821,0.57,"8","COA4","8"
"FAM204A",0.747,0.336368432855476,0.494,0.336368432855475,0.883,0.635,"8","FAM204A","8"
"NCAPH2",0.747,0.289043596192413,0.494,0.289043596192414,0.862,0.638,"8","NCAPH2","8"
"CAT",0.746,0.82898002506468,0.492,0.82898002506468,0.752,0.506,"8","CAT","8"
"SEPT11",0.746,0.780850824836128,0.492,0.780850824836127,0.848,0.704,"8","SEPT11","8"
"RBPJ",0.746,0.761555727658899,0.492,0.761555727658901,0.959,0.814,"8","RBPJ","8"
"SRGN",0.746,0.464347551659166,0.492,0.464347551659168,1,0.987,"8","SRGN","8"
"B3GALT5",0.746,0.318098039127926,0.492,0.318098039127926,0.676,0.354,"8","B3GALT5","8"
"BRMS1",0.746,0.276292683934549,0.492,0.27629268393455,0.862,0.603,"8","BRMS1","8"
"TIMP1",0.745,0.723974190251015,0.49,0.723974190251009,0.862,0.697,"8","TIMP1","8"
"ESYT2",0.744,0.660428749827063,0.488,0.660428749827061,0.869,0.62,"8","ESYT2","8"
"SERPINB6",0.743,0.543263005340045,0.486,0.543263005340045,0.683,0.425,"8","SERPINB6","8"
"KMT5C",0.743,0.417777712666542,0.486,0.417777712666542,0.779,0.547,"8","KMT5C","8"
"SUDS3",0.743,0.370904167560058,0.486,0.370904167560059,0.821,0.577,"8","SUDS3","8"
"MAP2K7",0.743,0.311053103101016,0.486,0.311053103101016,0.821,0.559,"8","MAP2K7","8"
"GALNT12",0.742,0.423064477270835,0.484,0.423064477270839,0.855,0.65,"8","GALNT1","8"
"AGFG1",0.742,0.409023803900021,0.484,0.409023803900022,0.834,0.608,"8","AGFG1","8"
"CCR4",0.742,0.32196338318064,0.484,0.321963383180639,0.848,0.638,"8","CCR4","8"
"CD151",0.742,0.251582241246931,0.484,0.25158224124693,0.731,0.462,"8","CD151","8"
"AC008105.31",0.741,0.707238170458631,0.482,0.707238170458633,0.876,0.709,"8","AC008105.3","8"
"ORAI2",0.741,0.591568147948505,0.482,0.591568147948505,0.841,0.622,"8","ORAI2","8"
"GLO1",0.741,0.369357507806576,0.482,0.369357507806577,0.834,0.647,"8","GLO1","8"
"TNFRSF11A",0.741,0.326408447056281,0.482,0.326408447056281,0.69,0.39,"8","TNFRSF11A","8"
"HSP90B1",0.74,0.847310052342837,0.48,0.847310052342838,0.917,0.899,"8","HSP90B1","8"
"GPR65",0.74,0.602838107453316,0.48,0.602838107453314,0.897,0.675,"8","GPR65","8"
"JPX",0.739,0.496563789642959,0.478,0.496563789642961,0.862,0.689,"8","JPX","8"
"JARID2",0.738,0.623095626108367,0.476,0.623095626108365,0.848,0.589,"8","JARID2","8"
"OGFRL1",0.738,0.449384454719533,0.476,0.449384454719534,0.793,0.676,"8","OGFRL1","8"
"ARL8B",0.738,0.361524726658707,0.476,0.361524726658708,0.883,0.692,"8","ARL8B","8"
"FAM162A",0.738,0.269825808562901,0.476,0.269825808562901,0.848,0.607,"8","FAM162A","8"
"TMX4",0.737,0.783666537743056,0.474,0.783666537743055,0.917,0.772,"8","TMX4","8"
"FBXW2",0.737,0.260586756152152,0.474,0.260586756152153,0.834,0.54,"8","FBXW2","8"
"TCTN3",0.735,0.470022487169536,0.47,0.470022487169537,0.793,0.468,"8","TCTN3","8"
"P4HA1",0.735,0.325892701490134,0.47,0.325892701490135,0.869,0.731,"8","P4HA1","8"
"STARD10",0.734,0.426434741348485,0.468,0.426434741348485,0.807,0.663,"8","STARD10","8"
"ATOX1",0.734,0.369332917684268,0.468,0.369332917684267,0.821,0.649,"8","ATOX1","8"
"WHRN",0.734,0.338325350664685,0.468,0.338325350664684,0.841,0.65,"8","WHRN","8"
"RLIM",0.734,0.329455279433683,0.468,0.329455279433685,0.828,0.638,"8","RLIM","8"
"TESPA1",0.734,0.322054037245294,0.468,0.322054037245294,0.841,0.576,"8","TESPA1","8"
"SMAP1",0.733,0.583323373332771,0.466,0.583323373332773,0.841,0.595,"8","SMAP1","8"
"LY6E",0.733,0.465635969825146,0.466,0.465635969825147,0.897,0.677,"8","LY6E","8"
"RASSF8-AS1",0.733,0.298955636043162,0.466,0.298955636043162,0.669,0.327,"8","RASSF8-AS1","8"
"ZNF280D",0.733,0.288451160276415,0.466,0.288451160276415,0.8,0.589,"8","ZNF280D","8"
"CTR9",0.732,0.870615148615558,0.464,0.870615148615561,0.883,0.802,"8","CTR9","8"
"GRASP1",0.732,0.797297303769684,0.464,0.797297303769683,0.766,0.648,"8","GRASP","8"
"SPART",0.732,0.56375701844579,0.464,0.563757018445792,0.855,0.713,"8","SPART","8"
"TSPO",0.732,0.554891204929438,0.464,0.554891204929439,0.89,0.637,"8","TSPO","8"
"VAPA",0.732,0.530266909132257,0.464,0.530266909132254,0.945,0.794,"8","VAPA","8"
"TXNL1",0.732,0.50533409772747,0.464,0.505334097727467,0.903,0.728,"8","TXNL1","8"
"CCDC71L",0.732,0.383939830531448,0.464,0.383939830531449,0.834,0.701,"8","CCDC71L","8"
"AL121944.1",0.731,0.649076737546049,0.462,0.649076737546047,0.89,0.801,"8","AL121944.1","8"
"MAP2K2",0.731,0.51008566614727,0.462,0.510085666147269,0.876,0.703,"8","MAP2K2","8"
"MICU2",0.731,0.270311203573481,0.462,0.270311203573481,0.855,0.622,"8","MICU2","8"
"NCOA4",0.73,0.496167007663427,0.46,0.496167007663426,0.869,0.66,"8","NCOA4","8"
"ADAM10",0.73,0.369161029744579,0.46,0.36916102974458,0.834,0.609,"8","ADAM10","8"
"KLF11",0.729,0.291118956945142,0.458,0.291118956945143,0.8,0.627,"8","KLF11","8"
"SLC31A2",0.729,0.28927321829051,0.458,0.28927321829051,0.772,0.618,"8","SLC31A2","8"
"CD164",0.728,0.594755960888401,0.456,0.594755960888403,0.966,0.778,"8","CD164","8"
"SNRPD1",0.728,0.480889134909652,0.456,0.480889134909652,0.903,0.716,"8","SNRPD1","8"
"NSMCE1",0.727,0.638428708693452,0.454,0.638428708693451,0.779,0.596,"8","NSMCE1","8"
"PRKDC",0.727,0.36701712868231,0.454,0.367017128682307,0.828,0.596,"8","PRKDC","8"
"SPAG11",0.726,0.69094916287674,0.452,0.69094916287674,0.807,0.72,"8","SPAG1","8"
"POLR2L",0.726,0.687609162827754,0.452,0.687609162827753,0.959,0.789,"8","POLR2L","8"
"CHMP1B",0.726,0.682171022846943,0.452,0.682171022846944,0.897,0.712,"8","CHMP1B","8"
"CWC25",0.726,0.502447278014727,0.452,0.502447278014725,0.91,0.698,"8","CWC25","8"
"ARHGAP31",0.726,0.468236070229135,0.452,0.468236070229134,0.759,0.622,"8","ARHGAP31","8"
"CTSH",0.726,0.379875210891078,0.452,0.379875210891078,0.766,0.551,"8","CTSH","8"
"DDB2",0.726,0.34328163849768,0.452,0.34328163849768,0.759,0.486,"8","DDB2","8"
"PIP5K1C",0.726,0.294936513807244,0.452,0.294936513807244,0.772,0.584,"8","PIP5K1C","8"
"KDM4B",0.726,0.254081536648067,0.452,0.254081536648065,0.786,0.614,"8","KDM4B","8"
"IRF7",0.725,0.423433070295732,0.45,0.423433070295734,0.821,0.624,"8","IRF7","8"
"PPCS",0.725,0.404372471472347,0.45,0.404372471472349,0.793,0.532,"8","PPCS","8"
"POLR2H",0.725,0.347308515935327,0.45,0.347308515935327,0.766,0.496,"8","POLR2H","8"
"ATF6",0.725,0.298292064632389,0.45,0.298292064632389,0.862,0.667,"8","ATF6","8"
"IRF2BP2",0.724,0.746453520378762,0.448,0.746453520378761,0.869,0.756,"8","IRF2BP2","8"
"DYNLT1",0.724,0.508252105864761,0.448,0.508252105864756,0.883,0.687,"8","DYNLT1","8"
"KDSR",0.724,0.438694025703233,0.448,0.438694025703233,0.869,0.665,"8","KDSR","8"
"GPAT4",0.724,0.359079072566246,0.448,0.359079072566245,0.738,0.496,"8","GPAT4","8"
"CISD2",0.724,0.355822289252381,0.448,0.35582228925238,0.876,0.713,"8","CISD2","8"
"VKORC1L1",0.724,0.258443492971773,0.448,0.258443492971773,0.821,0.626,"8","VKORC1L1","8"
"EIF1AX",0.723,0.619528214102309,0.446,0.619528214102313,0.979,0.911,"8","EIF1AX","8"
"BEX4",0.723,0.616356162859236,0.446,0.616356162859238,0.786,0.594,"8","BEX4","8"
"PGM2L1",0.723,0.544367357736603,0.446,0.544367357736601,0.807,0.562,"8","PGM2L1","8"
"BTF3",0.723,0.508599568686846,0.446,0.508599568686845,0.993,0.949,"8","BTF3","8"
"SMCR5",0.723,0.501711264217199,0.446,0.5017112642172,0.683,0.45,"8","SMCR5","8"
"GAB3",0.723,0.315836616670904,0.446,0.315836616670905,0.759,0.607,"8","GAB3","8"
"PRNP",0.722,0.572501922624711,0.444,0.57250192262471,0.952,0.879,"8","PRNP","8"
"FOXO3",0.722,0.526959736509998,0.444,0.526959736509998,0.786,0.587,"8","FOXO3","8"
"IGFBP7",0.722,0.526159439913467,0.444,0.526159439913468,0.869,0.69,"8","IGFBP7","8"
"PPP1R15B",0.722,0.425296185055016,0.444,0.425296185055016,0.876,0.646,"8","PPP1R15B","8"
"RUNX2",0.722,0.338497554813085,0.444,0.338497554813085,0.745,0.534,"8","RUNX2","8"
"CHD9",0.722,0.303376767871289,0.444,0.30337676787129,0.772,0.533,"8","CHD9","8"
"AMPD2",0.722,0.291092080361831,0.444,0.29109208036183,0.766,0.58,"8","AMPD2","8"
"XIAP",0.72,0.362333718682122,0.44,0.362333718682123,0.876,0.669,"8","XIAP","8"
"PITPNA",0.72,0.29344915053562,0.44,0.293449150535619,0.807,0.629,"8","PITPNA","8"
"EIF4E2",0.72,0.292292723574984,0.44,0.292292723574983,0.841,0.645,"8","EIF4E2","8"
"PFDN4",0.72,0.255648103128026,0.44,0.255648103128027,0.834,0.577,"8","PFDN4","8"
"ZFR",0.719,0.29041827507985,0.438,0.29041827507985,0.855,0.658,"8","ZFR","8"
"RAB21",0.718,0.576514616946496,0.436,0.576514616946497,0.945,0.832,"8","RAB21","8"
"CLEC11A",0.718,0.362497100708169,0.436,0.362497100708169,0.683,0.494,"8","CLEC11A","8"
"CDK17",0.718,0.315584574519217,0.436,0.315584574519217,0.841,0.671,"8","CDK17","8"
"PPIL4",0.717,0.55954294357266,0.434,0.559542943572659,0.897,0.727,"8","PPIL4","8"
"SYNJ2",0.717,0.369961226182026,0.434,0.369961226182029,0.862,0.716,"8","SYNJ2","8"
"NDUFC2",0.716,0.502962525902304,0.432,0.502962525902303,0.91,0.706,"8","NDUFC2","8"
"CCNI",0.716,0.475009141723367,0.432,0.475009141723365,0.972,0.862,"8","CCNI","8"
"SOS1",0.716,0.324569028607679,0.432,0.324569028607679,0.8,0.605,"8","SOS1","8"
"MED1",0.716,0.283691427069907,0.432,0.283691427069908,0.869,0.629,"8","MED1","8"
"GLRX3",0.716,0.282386155314045,0.432,0.282386155314046,0.807,0.615,"8","GLRX3","8"
"PPP1R12B",0.716,0.279316977034445,0.432,0.279316977034445,0.738,0.547,"8","PPP1R12B","8"
"MDM2",0.716,0.272682699818655,0.432,0.272682699818654,0.883,0.691,"8","MDM2","8"
"CYTH3",0.716,0.250944379536898,0.432,0.250944379536899,0.793,0.657,"8","CYTH3","8"
"SPPL2A",0.715,0.495752329864989,0.43,0.49575232986499,0.897,0.763,"8","SPPL2A","8"
"CLIC1",0.715,0.479449641231193,0.43,0.479449641231199,0.952,0.863,"8","CLIC1","8"
"INSIG2",0.715,0.363041198221637,0.43,0.363041198221637,0.828,0.645,"8","INSIG2","8"
"TIMM8B",0.715,0.318339326332715,0.43,0.318339326332716,0.876,0.679,"8","TIMM8B","8"
"KMT5B",0.715,0.302338341693432,0.43,0.302338341693432,0.8,0.551,"8","KMT5B","8"
"CHMP2B",0.714,0.428857617383013,0.428,0.428857617383014,0.91,0.715,"8","CHMP2B","8"
"RAI1",0.714,0.333526325917093,0.428,0.333526325917093,0.759,0.597,"8","RAI1","8"
"ZNF721",0.714,0.329641894711071,0.428,0.329641894711066,0.841,0.563,"8","ZNF721","8"
"PCDH9",0.713,1.04426890241515,0.426,1.04426890241514,0.683,0.496,"8","PCDH9","8"
"NDUFB2",0.713,0.60184164673217,0.426,0.601841646732174,0.924,0.762,"8","NDUFB2","8"
"TRIM27",0.713,0.268783757577503,0.426,0.268783757577503,0.745,0.495,"8","TRIM27","8"
"DHRS31",0.712,0.499229071761767,0.424,0.499229071761766,0.779,0.717,"8","DHRS3","8"
"SLC39A8",0.712,0.422017609738992,0.424,0.422017609738992,0.786,0.612,"8","SLC39A8","8"
"ZC3H7A",0.712,0.272556866874826,0.424,0.272556866874826,0.869,0.685,"8","ZC3H7A","8"
"PTPN22",0.711,0.644190048092503,0.422,0.644190048092508,0.931,0.731,"8","PTPN22","8"
"NDUFA4",0.711,0.531679069010427,0.422,0.531679069010427,0.966,0.826,"8","NDUFA4","8"
"JMY",0.711,0.511449781721978,0.422,0.511449781721981,0.883,0.681,"8","JMY","8"
"NELFE",0.711,0.294577530209253,0.422,0.294577530209252,0.869,0.634,"8","NELFE","8"
"TLE11",0.71,0.65202540100376,0.42,0.65202540100376,0.683,0.519,"8","TLE1","8"
"MOB4",0.71,0.53617238025708,0.42,0.53617238025708,0.848,0.698,"8","MOB4","8"
"DNMT3A",0.71,0.506844090013972,0.42,0.506844090013971,0.717,0.529,"8","DNMT3A","8"
"LACTB1",0.71,0.470331252572302,0.42,0.470331252572303,0.897,0.716,"8","LACTB","8"
"RLF",0.71,0.402385989901878,0.42,0.40238598990188,0.876,0.71,"8","RLF","8"
"VOPP1",0.71,0.378758427230923,0.42,0.378758427230921,0.814,0.582,"8","VOPP1","8"
"NAA38",0.71,0.332295170148668,0.42,0.332295170148669,0.828,0.594,"8","NAA38","8"
"SLU7",0.71,0.32670219101993,0.42,0.326702191019932,0.897,0.744,"8","SLU7","8"
"CMTM6",0.709,0.673177058021659,0.418,0.673177058021661,0.924,0.821,"8","CMTM6","8"
"RAD21",0.709,0.60555494613462,0.418,0.605554946134621,0.924,0.743,"8","RAD21","8"
"MYL12A",0.708,0.667453928196571,0.416,0.667453928196569,0.972,0.826,"8","MYL12A","8"
"NBL1",0.708,0.538615107041347,0.416,0.538615107041347,0.793,0.677,"8","NBL1","8"
"PGAP1",0.708,0.395798409997167,0.416,0.395798409997168,0.786,0.661,"8","PGAP1","8"
"TFG",0.708,0.342773421842016,0.416,0.342773421842014,0.834,0.618,"8","TFG","8"
"HNRNPD",0.707,0.617547403119046,0.414,0.617547403119048,0.897,0.731,"8","HNRNPD","8"
"AKAP17A",0.707,0.577130146178021,0.414,0.577130146178019,0.807,0.581,"8","AKAP17A","8"
"DST",0.707,0.566488912266312,0.414,0.566488912266313,0.655,0.411,"8","DST","8"
"UBE2D1",0.707,0.455324525369182,0.414,0.455324525369184,0.828,0.702,"8","UBE2D1","8"
"HDGFL31",0.707,0.452722841639462,0.414,0.452722841639462,0.676,0.521,"8","HDGFL3","8"
"APLP2",0.707,0.441726014691922,0.414,0.441726014691923,0.91,0.806,"8","APLP2","8"
"LAIR1",0.707,0.350283957542733,0.414,0.350283957542733,0.752,0.622,"8","LAIR1","8"
"EIF2AK2",0.707,0.345384971906744,0.414,0.345384971906743,0.883,0.701,"8","EIF2AK2","8"
"NEK1",0.707,0.309126444464592,0.414,0.309126444464592,0.814,0.602,"8","NEK1","8"
"SAR1B",0.707,0.298311627824645,0.414,0.298311627824643,0.897,0.727,"8","SAR1B","8"
"EIF3E",0.706,0.627738065347764,0.412,0.627738065347763,0.952,0.836,"8","EIF3E","8"
"WDR45B",0.706,0.266909661598503,0.412,0.266909661598503,0.828,0.61,"8","WDR45B","8"
"CCDC107",0.705,0.51115672754257,0.41,0.511156727542567,0.814,0.577,"8","CCDC107","8"
"BZW1",0.705,0.475811767096894,0.41,0.475811767096901,0.972,0.936,"8","BZW1","8"
"CANX",0.705,0.471445576466203,0.41,0.471445576466202,0.931,0.733,"8","CANX","8"
"SPCS2",0.704,0.534884479046043,0.408,0.534884479046044,0.959,0.834,"8","SPCS2","8"
"EIF6",0.704,0.416589478520615,0.408,0.416589478520612,0.924,0.708,"8","EIF6","8"
"TARSL2",0.704,0.335883022703591,0.408,0.335883022703593,0.821,0.685,"8","TARSL2","8"
"CRIM1",0.704,0.299806782032794,0.408,0.299806782032794,0.828,0.691,"8","CRIM1","8"
"PDIA3",0.703,0.473250709519668,0.406,0.473250709519672,0.979,0.892,"8","PDIA3","8"
"MRC2",0.703,0.284675691490785,0.406,0.284675691490785,0.676,0.48,"8","MRC2","8"
"CD81",0.702,0.614061586989258,0.404,0.614061586989259,0.938,0.874,"8","CD81","8"
"CCT8",0.702,0.392901673875129,0.404,0.392901673875128,0.876,0.696,"8","CCT8","8"
"PSMC1",0.702,0.364728064469728,0.404,0.364728064469728,0.883,0.675,"8","PSMC1","8"
"PPP1CB",0.701,0.44255962200407,0.402,0.442559622004069,0.993,0.895,"8","PPP1CB","8"
"CCNB1IP1",0.701,0.257850671475186,0.402,0.257850671475185,0.731,0.531,"8","CCNB1IP1","8"
"FURIN",0.726,1.20485011754262,0.452,1.20485011754262,0.559,0.126,"8","FURIN","8"
"FES",0.722,1.08600056149865,0.444,1.08600056149865,0.455,0.013,"8","FES","8"
